id,name,codeclass,codesubclass
642367,Идегей,pass,
54068,Москва-24,pass,
642895,Филька,pass,electro
54052,ОМ-349,pass,
54039,Алина Браво,pass,
642941,Неглинка,pass,electro
53988,Москва-21,pass,
642511,Рио,pass,
53992,Москва-51,pass,
642906,Сетунь,pass,electro
54049,Флагман,pass,
54010,Столица-2,pass,
54040,Прага,pass,
54047,Организатор,pass,
54086,Святогор,pass,
642463,Романтика,pass,
54194,Адмиралъ,pass,
54054,Роза Ветров,pass,
54033,Фараон,pass,
642394,М-88,pass,
54038,Алина Прима,pass,
568234,Удача,pass,
54036,Конкорд,pass,
642876,Синичка,pass,electro
14711,Волна,pass,
54057,Москва-46,pass,
54073,Юнга,pass,
54048,Михаил Сеспель,pass,
54009,Столица-1,pass,
642940,Яуза,pass,electro
568235,Москва Ривер,pass,
642858,Флагман,small,
642942,Раменка,pass,electro
568231,Фортуна,pass,
53989,Москва-28,pass,
54076,Снегири-2,pass,
54051,Алексия,pass,
568141,Морис,pass,
642508,Олимпиада,pass,
642931,Пресня,pass,electro
54053,Вещий Олег,pass,
54018,Венеция,pass,
53993,Москва-61,pass,
642949,Грачевка,pass,electro
642952,Химка,pass,electro
642407,Счастье,pass,
54063,Добрыня,pass,
54077,Снегири-3,pass,
642605,Свобода,pass,
